caption_id,track_id,caption,is_valid_subset,familiarity,artist_id,album_id,path,duration
859,1004034,Electronic music that has a constant melody throughout with accompanying instruments used to supplement the melody which can be heard in possibly a casual setting,True,0,368880,118196,34/1004034.mp3,202.5
990,1007274,"acoustic guitar solo track with consistent rhythm and repeating progression, suitable for a relaxing afternoon tea",True,1,429137,118548,74/1007274.mp3,140.2
810,1009671,Upbeat fast tempo with a blues rock feel that one can dance,True,2,7063,118858,71/1009671.mp3,160.1
622,1009671,A classic chord progression used in a playful way to give sound for sunny day.,True,1,7063,118858,71/1009671.mp3,160.1
1092,1009672,A joyful and lively song that will make you want to dance right away,True,1,7063,118858,72/1009672.mp3,147.9
1060,1009672,This rock song has an indie rock genre but with a dancing  joyful vibe to it and licks / effects using synths along with whistle at the end,True,1,7063,118858,72/1009672.mp3,147.9
1017,1033252,"A 70s style british pop song with drums, guitars, a synth violin sounds and finally bright piano chords.",True,1,433896,121612,52/1033252.mp3,246.3
1040,103333,This is an instrumental track based on electronic samples that can be used before the start of a movie to give a doomsday or post apocalypse feel,True,0,6568,11759,33/103333.mp3,93.6
949,1036934,Indie alike track to time-travel to mid 2000's.,,2,7063,122071,34/1036934.mp3,182.0
572,103887,"Two electric guitars in conversation with each other, one with a wua-wua effect and the other with a strong delay effect.",True,1,3901,12064,87/103887.mp3,258.3
723,103892,bluesy guitar with a slow repetitive rythm in a smoky room in latin america,True,1,3901,12064,92/103892.mp3,156.7
438,103892,"This is a slow but deliberate jazz song, featuring two guitars (one acoustic, one bass), with a bass drum being used in points to keep timing. The tempo begins to increase somewhat in the last 16 seconds, which is also when the drums really come in.",,1,3901,12064,92/103892.mp3,156.7
401,1050845,"Synthetic orchestral piece in the style of a 90s war movie battle scene soundtrack, with prominent bass drums and dry brass section harmonies",True,2,432124,123749,45/1050845.mp3,211.7
653,1051193,A song that's intensely personal as its superficial lyrics that take you to nowhere.,,1,436034,123814,93/1051193.mp3,231.2
715,1051196,"country-pop relaxing song with happy mood and acoustic guitar, ideal for young girls going out shopping or dreaming about their love",True,0,436034,123814,96/1051196.mp3,218.8
768,1051201,I'm in a charismatic church and feeling sea sick from all the swaying to and fro.,False,1,436034,123814,01/1051201.mp3,263.6
590,1053845,"An electronic ambient track, with a dark tone. The song progresses building the sections on top of each other. A hollow percussion drum beat builds on top of a dark and soft harp, towards the end a violin lead comes in. The song itself is pretty anonymous.",,1,340225,124189,45/1053845.mp3,449.1
742,1053845,"Inspiring Synth Arpeggio with Soft Percussion, Technological Background Music",True,0,340225,124189,45/1053845.mp3,449.1
1011,1053845,"a soothing electronic piece with shimmering sounds, tribal percussion and, repetitive synth motif and several layers of pads",True,1,340225,124189,45/1053845.mp3,449.1
308,1054342,A slow tempo guitar picking song of a folk genre which can be played on a road trip it evokes a relaxed sensation,True,1,7805,124290,42/1054342.mp3,244.0
712,1054396,fast and fun beat-based indie pop to set a protagonist-gets-good-at-x movie montage to.,True,1,7063,124283,96/1054396.mp3,168.9
687,1055022,"This song that features a piano, cello and oboe starts calmly and then arrives to a crescendo to give a triumphant atmosphere.",True,1,436558,124371,22/1055022.mp3,87.1
953,10575,A track with elements from eurodance and indie guitars.,True,1,14,1561,75/10575.mp3,126.2
974,1057890,A cinematic electronic soundtrack which announces the epic journey the protagonist will undertake in a post-apocalyptic world.,True,1,436941,124781,90/1057890.mp3,384.2
188,1060600,Melodic jazz piece starting off with a solo sax intro and continues with smooth electric guitar and synthesizer riffs.,True,1,352880,125122,00/1060600.mp3,185.6
190,1060600,"This piece starts with a saxophone solo, then a full jazz band (bass, electric piano, guitar, drums) comes in and establishes a nice, contemplative mood, but then the guitar starts to ruin the mood with some unsuited soloing.",,1,352880,125122,00/1060600.mp3,185.6
476,1060600,"A groovy saxophone plays freely to open, which gives way to a relaxed guitar and minute drum backing. The mood feels like basking in a hot tub in midsummer, at a Californian poolside. The guitar harmonies bob around each other gracefully. The music continues to amble along gently.",,1,352880,125122,00/1060600.mp3,185.6
125,1061369,"Probably a three piece band with melodic guitar, heavy bass and drums playing an instrumental and energetic piece.",True,1,7063,125285,69/1061369.mp3,161.5
616,1061384,An instrumental song that evokes some kind of a rush to go and declare your love.,,2,7063,125285,84/1061384.mp3,160.1
547,1061473,"oh, this is kind of post punk music, remind me my high school memory.",True,1,7063,125285,73/1061473.mp3,112.7
1039,1062831,Only instrumental and based on electronic samples that picks up as the song progresses,True,0,348998,125504,31/1062831.mp3,290.1
639,1063331,An instrumental hopefully positive track where the foreground melody features a classic guitar.,True,1,437571,125588,31/1063331.mp3,200.0
5,1063332,Groovy instrumental funk rock track with occasional guitar solos that give you a feeling of longing.,True,1,437571,125588,32/1063332.mp3,161.5
634,1063454,A deeply soothing track featuring two string instruments makes one peaceful with theirselves and the world.,True,1,437571,125601,54/1063454.mp3,119.5
91,1066197,the song is moving. piano is playing over long notes.,,1,437998,126023,97/1066197.mp3,304.0
885,1066198,"Feels like there is an argument happening between two people with the constant beat making it like time is progressing forward which can be used for either casual listening, reminiscing on a memory or background of a movie scene mostly involving percussion and piano thats having a conversation between two different octaves",,1,437998,126023,98/1066198.mp3,341.4
669,1066204,A sad and moving instrumental piece for piano accompanied by a string section.,True,1,437998,126023,04/1066204.mp3,280.6
881,1066204,Melodic sad instrumental piano that gives an atmospheric vibe,True,1,437998,126023,04/1066204.mp3,280.6
821,1068667,Hopeful Emotional Pop Ballad with Piano violin and minimal drums Repeating melody that builds into an electro house beat,,1,348064,126331,67/1068667.mp3,283.8
1007,1068667,"A cinematic piece with a very bright piano, later joined by a drum machine, hand  clapping and a violin synth sound which makes the track sound a little bit more oriental.",True,1,348064,126331,67/1068667.mp3,283.8
481,1068668,Instrumental ambient electronic song. The drum machine beat blends with a sparse piano lead motif. The track is made full by strings and later by a violin lead. The track has an emotional progression and feeling.,,1,348064,126331,68/1068668.mp3,201.1
1094,1069500,Elegant and pure sounds that convey a sense of order and cleanliness,True,0,362552,126482,00/1069500.mp3,211.2
170,1070256,This is a experimental piece or sound effect with quiet noises of running water and someone whispering.,True,0,423996,126616,56/1070256.mp3,127.6
256,1078392,"An acoustic guitar is paired with an echoey drumkit and whiny lyrics about nature (e.g., oceans, horizons) in what is a pretty average sync track",True,2,343767,128427,92/1078392.mp3,210.2
820,1078392,Pop rock song with a hopeful feel and a chorus that audience can sing along to,True,1,343767,128427,92/1078392.mp3,210.2
1080,1078393,"Groovy funky song with an intimate touch, perfect for a small self contained dance",True,1,343767,128427,93/1078393.mp3,227.5
179,108303,Delayed synth blips and electronic drums combine on an ambient electronica track.,True,1,337281,13053,03/108303.mp3,230.0
851,108303,electronic music track that has chill and relaxed beats,True,0,337281,13053,03/108303.mp3,230.0
721,108303,"futuristic ambient song, with synthesizer and futuristic sounds, could be suitable for a sci-fi movie",,1,337281,13053,03/108303.mp3,230.0
551,108303,Ambient electronic track with a mysterious and ethereal mood and a spacey vibe.,True,1,337281,13053,03/108303.mp3,230.0
272,108303,"An instrumental electronic track, with a dark atmosphere, a two-measure basic beat using a characteristic rim shot snare, electronic percussions and synths, with a simple synth riff on top. The track develops using crescendos and diminuendos of sound materials.",,2,337281,13053,03/108303.mp3,230.0
27,1086667,"Industrial Rock, Industrial Rock, Industrial Rock, Industrial Rock",,0,439729,129531,67/1086667.mp3,211.0
695,1086667,this euro dance track gets heavier at times but is not very pleasant to listen to in general.,,0,439729,129531,67/1086667.mp3,211.0
138,1089085,"Possibly a movie soundtrack, this instrumental piece has a dramatic tone, creates a slight suspense and a playful continuing",True,1,432273,129838,85/1089085.mp3,151.7
658,1093792,Intense pop song with a base of piano and synthesizers.,True,1,440692,130370,92/1093792.mp3,197.0
770,1093792,Slow-paced pop ballad for an early morning walk.,True,1,440692,130370,92/1093792.mp3,197.0
1057,1093793,Electronic disco music about love that builds up quickly and has a dance beat to it,True,0,440692,130370,93/1093793.mp3,182.0
621,1093794,Pop love song that would accompany perfectly a morning run.,True,1,440692,130370,94/1093794.mp3,140.0
918,1093794,"Traditional formula for an RnB track, not so creative. Cannot stand for more than 30 seconds.",False,0,440692,130370,94/1093794.mp3,140.0
17,1097943,Pop song which could be potentially an ear-worm or a summer hit.,True,1,7063,130945,43/1097943.mp3,162.7
956,1100002,A jazz track to have a pleasant time during lunch.,True,2,4488,131255,02/1100002.mp3,224.4
975,1107251,RnB but cute sounds like someone who plays volleyball wrote it,False,1,339779,132225,51/1107251.mp3,228.6
172,1108553,"Suspenseful instrumental track with synthesizer, drums and percussion.",True,0,442559,132409,53/1108553.mp3,50.1
665,1113971,Progressive electronic song with an intro of African percussions.,True,1,340225,133056,71/1113971.mp3,269.3
713,1116406,slow and arpeggiated solo piano with a boatload of reverb,True,1,437998,133378,06/1116406.mp3,90.0
135,1116697,"An electronic music track which has a upbeat melody, gets increasingly complex and evokes a sense of positive excitement",,0,421137,133426,97/1116697.mp3,256.1
1042,1116697,Electronic instrumental house music that builds up quickly and can be used in a club or in the background while studying or relaxing,True,0,421137,133426,97/1116697.mp3,256.1
867,1116697,"A deep house track with a very clear build up, very well balanced and smooth kick-snare timbre. The glockenspiel samples seem to be the best option to aid for the smoothness of such a track, which helps 2 minutes to pass like it was nothing.  A very clear and effective contrastive counterpoint structure between the bass and treble registers of keyboards and then the bass drum/snare structure is what makes this song a very good representative of house music",,1,421137,133426,97/1116697.mp3,256.1
108,1119016,A garage rock-influenced song with lyrics about space which evokes psychedelia,True,1,6615,133737,16/1119016.mp3,246.0
18,1119024,British indie song make from white dudes grown up listening to Franz Ferdinand,False,1,6615,133737,24/1119024.mp3,192.7
692,1119403,A strings orchestra and piano combine in this waltz to give a fantasy feeling.,True,1,442397,133790,03/1119403.mp3,90.0
153,1119403,It is an orchestral piece with a hopeful mood and expectations ahead of an adventure.,True,1,442397,133790,03/1119403.mp3,90.0
231,1121390,"Synth music, library music. Listen it in the morning.",,0,340225,133993,90/1121390.mp3,297.0
792,1121390,backing track for a youtube vlog when they show random clips of places they've been to as a transition.,,1,340225,133993,90/1121390.mp3,297.0
452,1121390,medium tempo ambient sounds to begin with and slow guitar plucking layering followed by an ambient rhythmic beat and then remove the layering in the opposite direction,True,1,340225,133993,90/1121390.mp3,297.0
596,1122012,"Genre seems like a Lo-Fi music and I feel relief and this is kind of a song when people play on their Youtube video for ""studywithme""",,1,437998,134087,12/1122012.mp3,235.1
864,1122392,Electronic music with a high energy vibe that can possibly be used for a spin class or dance floor,True,1,442559,134139,92/1122392.mp3,226.1
376,1122392,Drum’n bass song that makes it hard not to shake your head or feet while listening.,True,2,442559,134139,92/1122392.mp3,226.1
80,1124837,This song evokes good memories and positivity in general,,1,432273,134534,37/1124837.mp3,171.6
274,1124837,"Nice, happy, yet calm piano tune. Sounds like something I would study to, if it were a little slower. The left hand keeps the rhythm and the right hand tells a melody. Large tonal shift about halfway through this piece",,1,432273,134534,37/1124837.mp3,171.6
526,1124837,cheerful happy music played on a piano for relaxing,True,0,432273,134534,37/1124837.mp3,171.6
750,1124837,"happy solo piano, could be used for commercial purposes or as a background music. has a key change in the middle and becomes more thoughtful and beautiful, could be used in a anime intro. its not the full piece.",,0,432273,134534,37/1124837.mp3,171.6
396,1124837,A light and uplifting piano track that develops from a simple melody.,True,0,432273,134534,37/1124837.mp3,171.6
65,1125375,"Birds chirping in the intro and outro, while during the main part, violins and playing a melancholic melody backed by acoustic guitar, evoking feelings of sadness but also hopefulness.",,0,429137,134675,75/1125375.mp3,114.6
1088,1126719,Alternative electronic song with experimental sounds and unsettling vibe,True,0,443948,134851,19/1126719.mp3,268.0
389,1134446,"This is an electronic sounds and can be fit in to the edm genre. It has a piano at the start and hihat loop with a kick loop. The song also has pads, white noise risers, bassline, impacts and other elements used in electronic dance music. The vibe of the song is upbeat and happy",,2,365279,136140,46/1134446.mp3,251.7
914,1135054,Smooth chill electronic music featuring calming flute and techno beats.,True,0,423882,136238,54/1135054.mp3,348.0
474,1135054,"This track starts with a chilled out drum beat and soothing synths which wash over the listener like calm waves. An iridescent bell-like chime rings out softly, like birdsong frozen in ice. Strings also sweep through the mix. A wooden flute plays gracefully, with light ornamentation on some notes. The flute takes its time, like a calm observer on a remote cliffside observing a vast landscape.",,1,423882,136238,54/1135054.mp3,348.0
412,1135703,"Contemporary trendy optimistic indie pop, with dirty drums, happy guitar comping and synthesizer solo",True,2,7063,136366,03/1135703.mp3,185.8
638,1135707,Energetic pop rock track that will surely keep the dancefloor moving in a live concert.,True,1,7063,136366,07/1135707.mp3,150.5
136,1143012,A joyful and sweet instrumental music track which is leaves the listener with positive emotions,True,1,451073,137054,12/1143012.mp3,306.3
1069,1143013,This song starts with a ukulele and builds up with percussion using claps and an acoustic guitar that plays the same rhythm as the ukulele with melody played on a xylophone and has a very upbeat feel to it,True,0,451073,137054,13/1143013.mp3,97.9
251,1143013,This is a snappy pop track that opens with acoustic guitar or ukelele strumming and then layers on metallic keys as an instrumental,True,1,451073,137054,13/1143013.mp3,97.9
327,1143152,"Instrumental piano piece with a slightly classical touch and a nostalgic, bittersweet or blue mood.",True,2,366613,137071,52/1143152.mp3,122.0
81,1143152,"This song has a meditating vibe to it, what I would listen to calm things down after an anxious encounter.",True,1,366613,137071,52/1143152.mp3,122.0
655,1143153,A sentimental piano piece which makes one contemplate about stuff but not so deeply.,True,1,366613,137071,53/1143153.mp3,184.0
20,1151403,"Acoustic piano quite dynamic and anxious, neoclassical at some level which probably could fit well for a movie soundtrack.",True,1,432273,138116,03/1151403.mp3,140.0
899,1151403,Piano piece with very melodic and repetitive high parts and some bass notes supporting the melody.,True,2,432273,138116,03/1151403.mp3,140.0
291,1151409,"A lullaby turned dark in its melody begins on a plucky kalimba of some kind; after an intro, a flute takes over the melody and a harp and other orchestral instruments back it up.",,1,432273,138116,09/1151409.mp3,191.3
755,1153922,"a soft and pleasant tune with an ukulele, bells and a glockenspiel",True,1,432273,138416,22/1153922.mp3,130.2
620,1155158,A dramatic and emotional solo piano track modern and classic at the same time.,True,1,432273,138584,58/1155158.mp3,220.4
592,1156053,"Genre seems to be Texas country music and I feel hopeful and felt like I'm in a farm
with waiting for the sunset with animals walking around",True,1,434614,138697,53/1156053.mp3,213.4
783,1157358,A common sad pop song about a relationship,True,2,440692,138887,58/1157358.mp3,194.3
151,1157358,"too much mainstream and artificial, not inspirational neither emotional",False,0,440692,138887,58/1157358.mp3,194.3
466,1157358,The young people that go travelling abroad in vans would listen to this on the radio and will listen to it and cry on the flight home.,,0,440692,138887,58/1157358.mp3,194.3
211,1157362,"Its a instrumental song, sounds epic and grand, like a score of a movie, has drums, keys, strings. It is kind of mysterious, sad, epic spacey",,1,440692,138887,62/1157362.mp3,204.3
122,1157362,Chill house music with a rising energy level and a soothing beat drop.,True,1,440692,138887,62/1157362.mp3,204.3
1033,1159244,Instrumental mostly on acoustic guitar and drums that has a lively feel and can be used before the start of a concert or event or in the background of a festival,True,1,442381,139166,44/1159244.mp3,226.8
538,1159370,An electronic chill out track featuring some instrument similar to santur.,True,1,369180,139184,70/1159370.mp3,265.8
952,1162014,A pop-rock track very close to a proto-punk sound.,True,2,4777,139601,14/1162014.mp3,193.8
299,1162015,"A powerful and very enjoyable rock song, with a strong drum that makes you want to dance.",True,2,4777,139601,15/1162015.mp3,174.3
1072,1162019,energetic rock song with an enigmatic verse but lightful and positive chorus,True,1,4777,139601,19/1162019.mp3,212.6
652,1162034,Step onto a cruise and sip your drink in your Hawaiian shirt while listening to this track under the afternoon breeze in St.Tropez.,True,1,454458,139615,34/1162034.mp3,402.3
808,1162101,Hopeful soundtrack using big wide sounds to create a feeling that something big is about to happen,True,0,432273,139606,01/1162101.mp3,223.3
422,1162101,String-led number that grows in stature and has a cinematic feel,True,1,432273,139606,01/1162101.mp3,223.3
1022,1162697,"A ukulele-driven track with a turnaround harmonic progression. Some melodics pads, muted electronic organ sounds  and a slide guitar enrich the backing track with simple and enthusiastic melodies",,1,451073,139685,97/1162697.mp3,145.9
767,1163315,"A relaxing jazz song, for focusing, that evokes sentimental feeling.",True,2,422656,139821,15/1163315.mp3,312.9
485,1163315,"Jazz track with a classic quartet formation and a trumpet lead, the song feels it comes from the 50s, smoking cigars in a club in New York.",,1,422656,139821,15/1163315.mp3,312.9
901,1163322,"This is a calm swing music with drums, synth and trumpet responding to each other and makes you want to bounce.",True,2,422656,139821,22/1163322.mp3,201.1
732,1163322,Light music on jazz style. Main melody and  solos by sax and clarinet with accompaniment by a drums and an electronic organ.,,1,422656,139821,22/1163322.mp3,201.1
673,1163322,A happy and soft jazz song with two saxophones in musical conversation.,True,1,422656,139821,22/1163322.mp3,201.1
904,1166070,This track sound like a Christmas song with bells as the melody and strings as support.,True,2,361694,140202,70/1166070.mp3,141.7
940,1166680,Positive vibe like something good is happening or about to happen based primarily on finger picking acoustic,True,1,442397,140285,80/1166680.mp3,63.3
841,1169699,"Chill, folk-like song with guitar accompaniment. Simple harmony and dancable rhythm.",,1,7063,140739,99/1169699.mp3,129.9
1019,1169699,"Multiple guitars with distorsion, wah-wah play a western country motif. The motif is followed by a more garage  rock guitar motif.",,0,7063,140739,99/1169699.mp3,129.9
350,1169705,Beautiful and evocative piece of classical piano music with a nostalgic touch.,True,2,338649,140751,05/1169705.mp3,283.2
976,1169705,An open and dreamy soundtrack featuring clean electric guitars and later on a high-pitched synth melody,False,1,338649,140751,05/1169705.mp3,283.2
463,1169706,This song gives a narrative of discovery or working something out I could imagine hearing it at the end of a video game working out my companion was the bad guy or solving a mystery that was not obvious.,,0,338649,140751,06/1169706.mp3,273.1
829,1169706,Calming and tense classical music played only on piano with strong variance in change of dynamics (velocity),True,1,338649,140751,06/1169706.mp3,273.1
84,1169708,"Western Classical music, piano, multiple sections, happy and nostalgic",,1,338649,140751,08/1169708.mp3,206.6
196,1169710,This instrumental song is so calm that makes me feel sleepy,True,1,338649,140751,10/1169710.mp3,403.8
593,1169713,"Genre seems to be classical music and I feel calm and reminded me of place called ""Nevermore Academy"" from Netflix show Wednesday",,1,338649,140751,13/1169713.mp3,238.3
676,1169714,A piece of classical piano music of great expressiveness.,True,1,338649,140751,14/1169714.mp3,334.5
258,1169716,"This song is an instrumental piano song. Its moody, mysterious and a little bit sad.",,1,338649,140751,16/1169716.mp3,160.5
935,1169718,Instrumental piano with a classical genre that has a feel of something going up and down and yet is optimistic,,1,338649,140751,18/1169718.mp3,298.5
1081,1169718,A mellow and joyful piece of classical music for solo piano,True,0,338649,140751,18/1169718.mp3,298.5
1091,1169719,Calming instrumental music primarily on piano can be used for relaxing,True,0,338649,140751,19/1169719.mp3,271.2
819,1169728,Classical music piano instrumental with a calming dreamy feel,True,1,338649,140751,28/1169728.mp3,284.1
236,1169728,"A classic instrumental piano song, ambient and relaxing. It has sad and sensitive vibes.",,0,338649,140751,28/1169728.mp3,284.1
598,1169729,Genre seems like a classical music played with piano and reminds me of a huge church in Europe where they play during daytime,,1,338649,140751,29/1169729.mp3,255.2
1102,1169731,"Classic instrumental song played on a piano that goes from being mellow, dreamy to uncomfortable feeling at times",True,0,338649,140751,31/1169731.mp3,191.3
96,1169733,The piano sounds like it's going through a rough period in its life.,False,1,338649,140751,33/1169733.mp3,129.3
266,1169734,"It is an instrumental piano song, with a moody relaxing and gentle tone",True,1,338649,140751,34/1169734.mp3,94.1
1064,1170729,It has a loving and joyful feel to it based on the lyrics and also the finger picking guitar,True,0,339048,140943,29/1170729.mp3,149.2
556,1173652,Delicate orchestral music with a magical Christmas feel,True,2,432273,141350,52/1173652.mp3,199.7
297,11751,"Electro Jazz instrumental track, with a basic beat and the electric piano leading the way to a final distorted guitar solo.",True,2,696,1741,51/11751.mp3,279.0
992,1176656,Electronic music that builds up mostly using various drum and guitar samples that is relaxing to listen to,True,1,458008,141669,56/1176656.mp3,184.5
660,1176656,"Instrumental song that conveys a sense of beginning or start, with different instruments gradually added to the mix.",True,1,458008,141669,56/1176656.mp3,184.5
215,1176656,"Starts like an experimental hip hop beat, transitions into an epic happy and relaxing vibe with the melody and guitar. It is an instrumental track with mostly acoustic instruments",,0,458008,141669,56/1176656.mp3,184.5
1037,1176657,Spacial projection with calm undertones plus slightly funky,True,2,458008,141669,57/1176657.mp3,120.0
505,1176716,"Instrumental lounge song, with an 80s sounding vibe, a strong digital synth pad in the back, a prominent bass line and the overall feeling of a hotel waiting room.",True,0,458008,141669,16/1176716.mp3,289.5
86,11773,A smooth jazz rendition of a Christmas song that makes me feel calm and happy.,True,1,696,1741,73/11773.mp3,122.6
777,1179160,Evokes an uncomfortable feeling is a mixture of rock and trance,,1,432273,141925,60/1179160.mp3,205.9
910,1180599,"Electronic song, so loopable, with cycle structures and a strong set base.",True,1,7349,142065,99/1180599.mp3,284.5
369,1180601,A hip-hop repetitive beat featuring a keyboards and synths.,True,1,7349,142065,01/1180601.mp3,271.1
93,1180601,A dramatic R&B back beat with a dull melody but solid bass and hi-hat base reminiscent of 90s.,True,1,7349,142065,01/1180601.mp3,271.1
29,1180601,"This is a pretty simple track that sounds like it was produced completely on the computer. It's somewhat energetic, could be hip hop but has no lyrics.",,0,7349,142065,01/1180601.mp3,271.1
1105,1180601,"Pretty simple but effective, starts of simple but later when the beats kick in makes head bob,",,1,7349,142065,01/1180601.mp3,271.1
423,1180633,Repetitive dancefloor track with loud synths and a simple beat,True,0,7349,142065,33/1180633.mp3,268.8
235,11839,"Starts with a very country vibe, with two guitars. It is an instrumental song with just two guitar playing. It sounds soothing and relaxing",,0,1780,1749,39/11839.mp3,212.2
107,11841,Slow-paced guitar ballad with clean guitar solos interspersed throughout the composition,True,0,1780,1749,41/11841.mp3,120.4
116,11841,"A peaceful yet emotionally charged instrumental track featuring a blend of calm, acoustic and electric guitars that overlap and intertwine to create a soothing, introspective soundscape that is perfect for relaxing and unwinding, or for providing a poignant, mellow background ambiance during a reflective moment.",True,0,1780,1749,41/11841.mp3,120.4
45,11843,"A soft guitar arpeggio opens this instrumental piece. Then it moves into folksy chord strumming, with a bluesy melody on top.",,1,1780,1749,43/11843.mp3,97.0
326,1187970,Typical energetic and positive EDM song from the early 10s that could be played in a discotheque on a summer night.,True,1,434337,142986,70/1187970.mp3,217.8
13,119345,"This instrumental piece has the qualities of Celtic folk songs, starting off with a harp-like instrument playing a repeating melody before drums come in",True,0,7051,16238,45/119345.mp3,325.5
36,1194312,"Catchy pop song with prominent acoustic guitar strumming, and an organ interlude.",True,2,343767,143735,12/1194312.mp3,172.4
1063,1194314,The song starts with a sad piano riff that has a wavy and mellow feel for someone who was hurt or is depressed that someone can bob their head to slowly in anguish,True,0,343767,143735,14/1194314.mp3,233.1
1104,1194315,"Groovy rhythm with the guitar especially when the bass kicks in, un-noticeable absence of loud snare and kick, poppy and catchy",True,1,343767,143735,15/1194315.mp3,234.5
817,1194315,"Mixture of styles, including African, Brit Pop, Country Pop, and commercial cleaning products.",True,1,343767,143735,15/1194315.mp3,234.5
814,1194316,"A rejected option for the opening music to the TV show, ""Just Shoot Me"", but a successful option for Texas ranch boy meets girl/sheep.",False,1,343767,143735,16/1194316.mp3,237.8
131,1198562,A soothing and lightly melancholic piano composition that makes the listener desire to sing with it.,True,2,462340,144181,62/1198562.mp3,190.2
888,1209452,"Happy optimistic instrumental song with whistles, xylophone and ukulele that can be used to clap and dance along to",True,1,451073,145253,52/1209452.mp3,178.3
405,1210714,"A fun upbeat drums section playing with a keyboard and some electronic horn type noises, feels like the automatic song on a keyboard that you'd play in music lessons",True,1,7063,145414,14/1210714.mp3,147.9
140,1210715,"Upbeat commercial-sounding song with a simple drum rhythm, guitar chords and a simple but spacey-sounding synth melody",True,1,7063,145414,15/1210715.mp3,130.4
443,1210719,Positive and light instrumental pop song with hand clapping.,,0,7063,145414,19/1210719.mp3,182.1
300,1210721,An instrumental surf rock track with a twist. Open charleston beat with strummed guitar and a mellow synth lead. The song is a happy cyberpunk soundtrack.,,1,7063,145414,21/1210721.mp3,185.8
343,1210725,Positive instrumental pop song with a strong rhythm and brass section.,True,0,7063,145414,25/1210725.mp3,160.1
745,1214580,"Classical Piano Jingle Solo, Happy and Fun 145 BPM",,2,432273,145798,80/1214580.mp3,146.0
187,1214580,"This music is piano waltz music of the classical genre and is reminiscent of Chopin, but it is not Chopin's original work.",True,2,432273,145798,80/1214580.mp3,146.0
938,1221997,Calming instrumental played on bass violin and flute that can be put in the background while doing some work or study,True,1,432273,146573,97/1221997.mp3,165.1
341,12301,Energetic bluesy song with a harmonica and horn section in musical dialogue.,True,1,1858,1820,01/12301.mp3,336.0
23,12301,Instrumental song with classical blues chords but played with a big band style.,True,0,1858,1820,01/12301.mp3,336.0
77,12302,"This track conveys a celebratory mood as in a road trip, where one is having time of his/her life exploring new things, discovering their inner thrill-seeker persona.",,1,1858,1820,02/12302.mp3,280.0
613,12303,This is an energetic song featuring brass air instruments and harmonica.,True,1,1858,1820,03/12303.mp3,331.9
1097,1235608,Relaxing jazz music with soothing melody that contains brass instruments and various keyboards.,True,1,340663,148140,08/1235608.mp3,225.6
333,1239507,"Mysterious piece of jazz music for a typical film noir scene, played on piano, bass (and with a trumpet solo section).",True,2,459422,148554,07/1239507.mp3,295.2
263,1241778,"An instrumental rock song, with a bass, electric guitar, and drums. It is a lively, energetic and happy sounding track",,1,474067,148821,78/1241778.mp3,227.7
946,1241783,A rock-solo track suitable for a road trip.,True,2,474067,148821,83/1241783.mp3,241.1
53,1242780,"The waves in the background give the track a lofi feeling. the drums are crunchy and not lack some low-end but are quite present. The piano in the background feels almost improvisational. Overall, it feels like a melancholic boom-bap track.",,0,439567,148948,80/1242780.mp3,289.1
985,124358,"soft and chill acoustic guitar with synthesized drumbeat, instrumental track",,1,337763,17389,58/124358.mp3,212.1
773,1245182,Lounge music for a summer evening on the beach.,True,0,476715,149189,82/1245182.mp3,308.2
523,1245183,An instrumental electronic track with ethereal organs and bouncy drums.,True,1,476715,149189,83/1245183.mp3,385.8
344,1245183,"Electrónica positiva con secuencias de tempo animado  y algo de fantasía futurista en los sintetizadores, graves profundos y agudos brillantes",,2,476715,149189,83/1245183.mp3,385.8
1070,1245183,"Instrumental electronic music with a repetitive melody on synths which is calming, peaceful and relaxing",True,0,476715,149189,83/1245183.mp3,385.8
126,1245184,The composer is experimenting with different instruments in their DAW.,False,1,476715,149189,84/1245184.mp3,295.2
890,1245184,"A medium-paced EDM-style song with an intro by a synthesizer, features some ambient sound and simple drum.",True,0,476715,149189,84/1245184.mp3,295.2
833,1245185,"A pop style synthesized instrumental track with mellow, chorus-like top line, and a prominent drum beat.",True,0,476715,149189,85/1245185.mp3,340.4
541,1245186,"In this song, a tropic back-beat and a lush piano chord is then accompanied with a salient organ to give way into a joyful melody and a beat.",True,1,476715,149189,86/1245186.mp3,357.3
402,1245186,this electronic song with a downtempo of synthy beats feels perfect for a car journey through nature,True,0,476715,149189,86/1245186.mp3,357.3
884,1245189,"this is a so called jazz-hiphop or lounge music. with dreamy synth, piano loop, and drum loops creates a chill and groove vibe. this is instrumental.",,1,476715,149189,89/1245189.mp3,338.2
965,1245190,This song starts with an ambient pad intro with a hip-hop influenced beat dropping halfway through.,True,1,476715,149189,90/1245190.mp3,289.8
223,1245191,"strong beat, relax and danceful music with drums and piano. Library music.",,2,476715,149189,91/1245191.mp3,378.3
837,1254630,"New-era instrumental backing track starting with synth piano, changed meter afterwards, and added in drum beats.",True,1,479140,150083,30/1254630.mp3,237.0
254,1254634,An interlacing guitar rhythm that is matched by a drum beat and then throws in generic lyrics as a background track,True,0,479140,150083,34/1254634.mp3,196.7
636,1264107,"This track featuring a solo piano gives a sense of safety, determinedness and vulnerability.",True,1,355162,151019,07/1264107.mp3,225.6
1000,1266727,The production sounds like it is produced by a beginner.,False,1,359240,151379,27/1266727.mp3,594.8
982,1267288,"upbeat synthesized guitar pop instrumental track, with consistent tempo and rhythm",True,1,451073,151447,88/1267288.mp3,262.2
903,1267288,"Pop song with a classical chord progression in which all instruments join progressively, building up a richer and richer music.",True,2,451073,151447,88/1267288.mp3,262.2
21,1267288,Rock-pop song recorded with a DAW or composed with MIDI due to its quite not natural sounds.,True,0,451073,151447,88/1267288.mp3,262.2
679,1267288,An uplifting instrumental pop song with hand claps.,True,0,451073,151447,88/1267288.mp3,262.2
1058,1269561,The violin feels like its expressing grief about an event but there is also a hopeful element of it from the background bass velocity which subsides at the end,,0,432273,151644,61/1269561.mp3,116.4
628,1269564,Wonderfully emotional soundtrack with a violin carrying the main melody.,True,1,432273,151644,64/1269564.mp3,163.6
926,127590,A traditional heavy metal riff intro with a transition to grunge-like verse.,True,2,1493,18027,90/127590.mp3,231.1
800,127609,"String section playing slow harmonies with a galloping low thus keeping time, very moody",True,0,337893,18018,09/127609.mp3,176.0
1006,1281209,A repetitive musical motif with an electronic keyboard sound which sounds relaxing. Could be used to focus on work.,,1,343154,152813,09/1281209.mp3,200.0
944,1281499,This track is a perfect fit for a video game spot.,,2,442559,152848,99/1281499.mp3,219.5
568,1282564,"Ethnic ambient electronic song, with a strong ethnic percussion beat and a piano leading melody. The song is pretty flat and fades in and fades out without leaving you any particular impression.",,0,430126,152968,64/1282564.mp3,111.2
451,1288067,"This is very Arabic/Turkish kind of music, there is a single string instrument that is plucked with a constant rhythmic drums, and it sounds mysterious",,0,337328,153548,67/1288067.mp3,179.5
561,1296198,Inspirational track that builds as more instruments are added to the song.,True,2,451073,154290,98/1296198.mp3,247.7
1005,1296198,"An optimistic pop song starting with a simple piano pattern and repetitive strumming of an electric guitar. Then, percussion and a melodic guitar are added to  make the track more enthusiastic and exciting.",,1,451073,154290,98/1296198.mp3,247.7
49,1296596,"Reflective and strong major scale piano chords lead into a hall of light strings, airy guitar strums, and an upbeat drum kit. A simulated distorted electric guitar solo pervades before the arrangement starts a minor bridge, leading into an authentic progressive rock electric guitar solo.",,2,366613,154346,96/1296596.mp3,234.0
475,1306909,"A chunky distortion guitar plays, with some sharp attacks and strange resonances, like the sounds from a pinball machine. The guitars drifts somewhat arhythmically.",,0,484685,155361,09/1306909.mp3,31.2
700,1307834,Dynamic and danceable uplifting pop song featuring a catchy beat performed by an acoustic guitar and hand clapls.,True,2,343767,155433,34/1307834.mp3,242.4
838,1307838,"Rock song starting with guitar line, with a catchy refrain.",True,1,343767,155433,38/1307838.mp3,224.1
995,1307839,A prominent distorted acoustic guitar track with some gospel feeling.,True,2,343767,155433,39/1307839.mp3,250.4
454,1313073,A bright and light piece of piano music that conveys innocence and peace.,True,2,432273,155900,73/1313073.mp3,175.2
99,1313212,8-bit melody brings one back to the arcade saloons while keeping the desire to dance.,True,1,455057,155921,12/1313212.mp3,113.8
141,1315725,"An emotional, reverb-heavy track with cinematic strings, simple piano and guitar, and synth patterns for easy-listening",True,1,1058,156138,25/1315725.mp3,275.0
835,1318704,"An upbeat pop instrumental track starting with synthesized piano sound, later with guitar added in, and then a saxophone-like melody line.",True,1,451073,156395,04/1318704.mp3,224.0
580,1320188,"An electronic music track with a dark synth theme and a muffled drum machine beat. The track has a lot of space in the synths, but it feels amateur, not particularly well mixed or well produced.",,1,369180,156535,88/1320188.mp3,365.7
145,1320188,This synth-heavy track reminds of a dramatic scene of an old science fiction movie.,,1,369180,156535,88/1320188.mp3,365.7
323,1321940,This song reminds me some film and movie scenes in which there is a lot of tension and fear,True,0,2740,156685,40/1321940.mp3,148.6
277,132868,"Starting with an electric piano with tremolo, playing jazzy lines as synthetic string pads and bongos provide backdrop; the complex chords drop out to ease into a boom-bap drum groove. Nice track for relaxing and taking a bath after a long day.",,2,336640,18778,68/132868.mp3,148.4
465,132870,"This chill track reminds me of a hypothetical beachy 80s detective tv show because of the synthesisers, and it would probably be playing under epilogue narration.",,1,336640,18778,70/132870.mp3,168.9
395,132870,"This song sounds quite floaty, a bit funky, guitar, nasal sound at the start of the song, it's quite soft feeling. wavering/oscillating background sounds, but funky simple beat at the front, overall quite easy and enjoyable.",,1,336640,18778,70/132870.mp3,168.9
516,1331791,Ambient song with duduk and oriental drums perfect for starting a trip to east.,True,0,348064,157429,91/1331791.mp3,293.9
453,1334807,"This sounds like that free copyright music that is used in most generic youtube videos, the arpeggiated plucks make it feel like that. It is an instrumental song using electronic elements acoustic like guitar and drums",,1,451073,157824,07/1334807.mp3,186.1
1041,1336429,This type of electronic music can be used in a dance club since it builds up fairly quickly and has a dance beat,True,0,424522,157930,29/1336429.mp3,216.0
247,1338443,"It is an Indian/south asian song and it is instrumental. It has keys, tabla, piano and pads. It evokes a relaxing ambient vibe.",,0,369180,158137,43/1338443.mp3,299.4
471,134057,Futuristic jazz track with a saxophone as the main melody.,True,0,337328,19093,57/134057.mp3,128.1
880,1341061,Energetic alternate four piece rock song that you can bob your head to,True,1,360613,158377,61/1341061.mp3,236.8
988,1343442,"synthesized, calm instrumental piece with a spiritual feeling, with a bit of pentatonic scale, shiny but monotonic sound.",True,2,488843,158863,42/1343442.mp3,228.6
703,1347915,a sinister medieval-sounding piece with a synthesized flute or organ and strong downbeats at a marching pace.,True,0,490314,159035,15/1347915.mp3,62.4
789,1350313,Instrumental mainly on flute ideal for a situation where someone is starting on a nature adventure,True,1,490314,159298,13/1350313.mp3,174.1
632,1350853,A musical call to be in the here and now with this deeply spiritual piece.,True,1,337328,159338,53/1350853.mp3,400.0
811,1350951,1950s New York police caper movie. Or music for a commercial about cat food.,False,1,490314,159342,51/1350951.mp3,124.0
521,1350957,A positive instrumental tune to get you up in the morning with a big smile on your face.,True,1,490314,159344,57/1350957.mp3,127.1
472,1353972,Instrumental jazz ensemble with a bossa nova rhythmic vibe that conveys a sense of positivity.,True,0,454165,159621,72/1353972.mp3,34.0
372,1356312,A pop-rock love song from the 80's that conveys a quiet sense of positivity.,True,2,467034,159858,12/1356312.mp3,324.4
618,1356312,Pop rock track that makes one sing while driving.,True,1,467034,159858,12/1356312.mp3,324.4
892,1356313,"This is pop song with drums, synth, electirc guitar and some lyrics, with a classical chord progression and a memorable melody.",True,1,467034,159858,13/1356313.mp3,213.1
870,1356349,"A classic pop-rock straight out of the 70s, with a very straightforward 4/4 drum beat, a very interesting instrumentation and a natural development that leads to the chorus. The very-low register bass piano notes are a very subtle, yet quite interesting feature of this song. It is a very cheerful, promising tune that would help me get up and be ready to roll for my day.",,2,467034,159858,49/1356349.mp3,235.3
555,1356349,A positive and enthusiastic pop-rock song from the 80s featuring reverbered guitars.,True,0,467034,159858,49/1356349.mp3,235.3
3,135657,"A dance music club banger, with a heavy kick, subtle supporting percussion like tabla and bongos, prominent pop synth lines, and a repetitive hook",True,2,338209,19298,57/135657.mp3,238.0
879,135660,Pop upbeat electronic song that one can sing to,,1,338209,19298,60/135660.mp3,208.0
314,135660,"energetic track with a strong groove and synth bass, great to dance to",True,0,338209,19298,60/135660.mp3,208.0
968,135660,A high energy pop track featuring synthesized sounds and rock guitar.,True,1,338209,19298,60/135660.mp3,208.0
119,1356875,This is a very boring track. It doesn't tell me anything and is not inspiring.,False,0,467034,159901,75/1356875.mp3,190.6
921,1357019,"Oh, this track has the adequate guitar effects. Minimal lyrics.",,2,467034,159916,19/1357019.mp3,256.0
979,1357117,Starts with a electronic guitar sound very likely to a 80s rock style which feels like they performs in a live stage.,True,1,467034,159941,17/1357117.mp3,216.8
197,1357118,The rhythm of the song makes you want to dance and transmit a lot of energy as well as happiness,,1,467034,159941,18/1357118.mp3,168.9
961,1357120,Indie rock song from a 4 piece band that has a faster tempo and energetic beat,True,1,467034,159941,20/1357120.mp3,238.9
548,1357120,"wow, what's wrong with this song, it's a bit rough",False,1,467034,159941,20/1357120.mp3,238.9
920,1357120,This track will travel you to the early stages of brit-pop. Its lyrics are funny and memorable.,,2,467034,159941,20/1357120.mp3,238.9
1101,1367174,The song is an instrumental played on electronic midi and has a dark element to it caused by the low bass octave that is prominent throughout the song,True,0,2208,156733,74/1367174.mp3,215.4
644,1382988,This track sounds like the backing track to an informative video about a campaign or a new product.,True,1,483387,162342,88/1382988.mp3,52.0
134,1386744,An instrumental track with a lead electric guitar and synths well suited for drinking a gin on a sunny afternoon by the pool.,True,1,456894,162661,44/1386744.mp3,280.6
364,1388899,This is a shiny lullaby gently performed on a piano.,True,0,494324,162776,99/1388899.mp3,104.6
924,1390266,Not really an improvisation but a mixture of tracks at similar loudness levels that can confuse you a bit.,False,2,358635,163060,66/1390266.mp3,133.3
606,1397143,Genre seems like a band music and reminds me of fun happy party,True,0,439371,163630,43/1397143.mp3,178.5
889,1397144,A high-BPM metal song with a melodic intro riff and solo by an electric guitar.,True,2,439371,163630,44/1397144.mp3,205.3
163,1402647,Instrumental music that could probably be used as a soundtrack of a fantasy movie thanks to the scales played up and down the piano and the strings on the background,True,1,432273,164083,47/1402647.mp3,144.7
6,1402647,A mysterious and magical song made of bells and strings,True,2,432273,164083,47/1402647.mp3,144.7
15,1402657,"A dramatic and dynamic classical orchastric instrumental. Begins with a few string instruments, and slowly builds up into one grand climax.",,1,432273,164083,57/1402657.mp3,156.1
981,14046,"This track feels like OST of a musical movie which is based in London, full of fog and mystery.",True,2,1659,2009,46/14046.mp3,263.8
716,1406830,"trance techno pop with old style effects, with an emotional sad sound, futuristic and ideal for a cyberpunk movie",True,1,365425,164476,30/1406830.mp3,259.3
109,1408401,Smooth jazz song with leading saxophone. Quiet and peaceful with a low acoustic bassline.,,0,496168,164580,01/1408401.mp3,198.9
496,1408401,"A quartet of drums, double bass, piano and saxophone performing a slow and beautiful jazz song perfect for an evening in a café.",True,1,496168,164580,01/1408401.mp3,198.9
599,1408401,Genre seems like a jazz music played with triumph and reminds me of a jazz bar at night playing in the background while people have their conversation,True,1,496168,164580,01/1408401.mp3,198.9
740,145945,"78 BPM Ballad with a long Guitar Solo, Melancholic",,0,338624,20784,45/145945.mp3,193.8
891,145958,"This tracks is composed of a catchy electric guitar riffs alternating with sung parts slightly calmer, is a genre close to metal.",,0,338624,20784,58/145958.mp3,199.4
865,145968,"A soulless pop, ballad song in a raw production form with a catchy, yet overused, minor harmonic sequence. The keyboard is too repetitive and loud and almost shades the whole composition. It would be a good song to be used in an ending credits or a driving scene from a movie.",,1,338624,20784,68/145968.mp3,197.6
1026,145969,Indie rock most likely a 4 piece band that someone can listen to while driving,True,1,338624,20784,69/145969.mp3,168.6
515,145969,A plain boring rock song that’s remnant of 2000’s alternative scene.,,0,338624,20784,69/145969.mp3,168.6
199,146587,This violin song use the change of the tone to create a change of feeling during the track. Starting with a feeling of release with the more highest notes and then passing to an oppressed or sadness feeling during the lowest notes. Definitely a complex violin piece.,,1,338649,20858,87/146587.mp3,322.4
1078,146588,Innocent and playful classical music for orchestra featuring wind musical instruments such as oboes or fagots.,True,0,338649,20858,88/146588.mp3,239.2
168,146590,Classical music piano piece (scherzo) composed by Chopin.,,1,338649,20858,90/146590.mp3,629.6
375,156061,This is an electronic music track with spacey ethereal synths accompanied with string like elements and later drums.,True,1,339061,22408,61/156061.mp3,422.9
807,156061,Unnerving build up using loops of various instruments,,0,339061,22408,61/156061.mp3,422.9
94,171574,One cannot avoid moving the feet and neck listening to this fast and loopy brazilian tune.,True,1,340035,26259,74/171574.mp3,300.2
1025,17170,It has a ballet dance or circus music feel mostly played on the xylophone,True,0,2534,2430,70/17170.mp3,65.4
22,17176,Ambient industrial song recorded with a DAW or composed with MIDI due to its quite not natural sounds.,,0,2534,2430,76/17176.mp3,126.0
176,172017,2000's style urban pop song with synthesised pad and drums.,True,1,339779,25331,17/172017.mp3,194.0
239,172021,"2000s hip-hop track with R&B and reggaeton influences, with a indian/arab-sounding percussive beat and a good flow",True,1,339779,25331,21/172021.mp3,230.0
625,172031,Hip-hop song with a tremendous flow mixed with some rastafarian sections.,True,2,339779,25331,31/172031.mp3,237.9
382,177570,High energy instrumental song with lots of percussion and organ.,,1,340035,26259,70/177570.mp3,276.8
769,177570,Early evening upbeat track for an evening night out before the real dancing start.,,2,340035,26259,70/177570.mp3,276.8
584,181523,"Instrumental electronic ambient track. The song progresses by adding a section on top of each other. A percussion drum machine beat sustains a low frequency arp, toward the end an acoustic guitar comes in. The track has a general dark but dreamy feeling.",,1,340225,27162,23/181523.mp3,324.1
1079,181523,Electronic music with a sci fi feel to it like an event is about to start which is mostly based on various percussion as compared to a melody,True,0,340225,27162,23/181523.mp3,324.1
963,18500,House music with a thought provoking message in the beginning that  eventually builds up and can be used to create the sense of a social revolution,,0,2773,2609,00/18500.mp3,476.7
666,187621,A dynamic instrumental jam with a brass section arrangement that leads into a high energy ska song.,True,1,340494,28044,21/187621.mp3,326.8
782,188296,Upbeat rock guitar song with a punk feel about love,True,2,337296,28190,96/188296.mp3,232.4
1100,190781,An upbeat and happy song for celebration and dancing played mostly on the brass instrument,,0,340663,28540,81/190781.mp3,118.2
933,190781,"A whimsical string arrangement that feels like bouncing through some woods on an adventure in a video game, with a triumphant finish.",True,2,340663,28540,81/190781.mp3,118.2
1085,191044,"Instrumental ambient track with an 80s chillout vibe, featuring bongos and a piano melody.",True,1,4658,28602,44/191044.mp3,188.6
576,201905,"Instrumental folk rock ballad with acoustic guitars and piano on top of a soft drum beat. An harmonica leads the songs that gives Old Wild West vibes, riding a horse in the sunset.",,1,7805,30025,05/201905.mp3,223.4
729,206596,60’s inspired indie song suitable for a warm summers day,True,0,341332,30621,96/206596.mp3,151.0
1067,206609,Indie rock song that starts off on a harmonica which has an upbeat feel but also a sad tone to it that can be listened in a personal setting,True,1,341332,30621,09/206609.mp3,282.6
427,208937,"Buddha-bar electro ethnic instrumental track, with a straightforward drum beat and a sustained pad in background. Sampled strings and woodwinds keep the melody going.",,1,341459,30924,37/208937.mp3,216.0
503,208937,Soothing ambient soundscape with characteristic piano flourishes and a soft drum backdrop,True,1,341459,30924,37/208937.mp3,216.0
1008,208938,An electronic piece with an optimistic and epic motif. Some sounds are reminiscent of underwater worlds or rain forests as portrayed in movies.,,1,341459,30924,38/208938.mp3,349.5
786,212013,Electronic music with a political message in the beginning evoking a confused emotion,True,1,337328,31272,13/212013.mp3,210.5
984,219026,"mysterious, alluring and mellow instrumental track that seems from movies or games",True,1,339226,32364,26/219026.mp3,388.0
626,238099,Instrumental rock song that begins with an ambient intro and then progresses through various sections of electric guitars that intensify over time.,True,1,1435,34714,99/238099.mp3,666.0
771,24018,90's dance pop song for a club night back then,True,1,3581,3316,18/24018.mp3,304.6
1043,24018,Electronic instrumental music with a base melody that stays the same throughout the song and other melodies are layered on top that can be used in a club or casual listening,True,0,3581,3316,18/24018.mp3,304.6
359,24026,Instrumental electronic track with a big windy pad holding the structure of the song. Modular leads come in and out of the surface of the track until halfway through the pad disappears and leaves way to a simple drum beat.,,2,3581,3316,26/24026.mp3,452.8
149,242384,"evokes peace and tranquility, without shocks, or emotional disturbances",,1,343767,35540,84/242384.mp3,272.2
923,242384,This is a perfect sound track for a rainy day and tea.,True,2,343767,35540,84/242384.mp3,272.2
473,242410,A chilled out guitar and piano ballad with a gentle snare drum backing.,True,1,343767,35540,10/242410.mp3,296.2
309,242640,An acoustic etherial song with warm vibes in the new folk genre.,True,0,343767,35540,40/242640.mp3,128.5
518,243172,A song inviting to feel and live the present moment and enjoy.,,1,343767,35540,72/243172.mp3,218.4
849,243734,soothing acoustic guitar song that talks feels nostalgic with fingerpicking of the guitar,True,2,343767,35540,34/243734.mp3,205.5
222,246601,"epic song, film and game music, synthetic sound",True,1,343843,35660,01/246601.mp3,144.8
731,24838,"A dissonant blend of birds chirping, and bell-like sounds, then a synth arpeggio that sounds like a jingle for a news flash segment from the 80s on top of a slow, sparse pattern of kicks and cymbals and an oboe-like instrument playing a melancholic melody, all of that with a healthy amount of reverb",,0,2534,3426,38/24838.mp3,291.1
225,25246,"film and game, fantasy music with ethnical instrument (hu lu si?)",,1,2740,3480,46/25246.mp3,211.8
413,25249,"Synthetic orchestral music with hopeful, yearning harmonies, fast pizzicato motifs and woodwind lead",True,2,2740,3480,49/25249.mp3,131.4
232,25250,"Harp, suitable for library, game and film music.",True,0,2740,3480,50/25250.mp3,214.2
615,25254,An instrumental ambiental track that reminds a bit of Moby.,,1,2740,3480,54/25254.mp3,212.1
9,25379,"At first, this track recalls a slow movement of a Mahler symphony - lush, enveloping orchestral strings slowly spinning a mournful dirge - but its lack of melodic direction, and its repetitiveness, suggest that it is movie music.",True,1,2740,3495,79/25379.mp3,134.8
167,25381,Orchestral music with a slow and steady pace that sounds like a soundtrack to a nature movie or documentary.,True,1,2740,3495,81/25381.mp3,151.0
489,25559,"Instrumental folk/post-rock song, with large and strong guitars both acoustic and electric and no drums. The song has a slightly epic feeling, like the one of a lonely traveler in the desert.",True,1,675,3511,59/25559.mp3,247.9
978,257059,Warm repeating melody which seems to be a folk music playing by a band where they greets new visitor.,True,0,6821,36997,59/257059.mp3,127.3
977,260841,"A playful and jazzy song about cats, featuring a funny meow at the beginning.",True,1,345952,37345,41/260841.mp3,174.6
922,264261,Pleasant Electro-pop with missing lyrics. The main melody pad is louder.,,2,338916,37682,61/264261.mp3,242.3
105,264261,"80s instrument set, solid bass-line,  a bit like keygen music.",,1,338916,37682,61/264261.mp3,242.3
304,26431,"Typical videogame music that would work especially in the initial levels, when the adventure is about to start. Strong percussions with a distant brassy melody and a strong string and pad base, with an hopeful and cheerful atmosphere",,2,2740,3620,31/26431.mp3,108.8
656,26432,A song that leads one to a fantastic land where some supernatural creatures are right around the corner to show you their curiosities.,,1,2740,3620,32/26432.mp3,132.5
355,26440,"Cinematic music with percussions, brass and strings. It would be perfect in a videogame during a battle phase as a background, with you controlling the hero and fighting enemies. It ends with a kettledrum solo part.",,1,2740,3620,40/26440.mp3,114.0
991,272434,Haunting expansive sound as if you are in space,True,0,346071,38595,34/272434.mp3,517.4
954,276988,A track with brit rock essence accompanied with pan flute melody.,True,1,347328,39044,88/276988.mp3,292.3
437,285381,"This classical piece has interesting pacing and dynamics- it is not particularly fast and does not feature an extremely wide dynamic range, but it is also far from sleepy. Overall, the tempo is moderate, with a fairly complex interplay between the instruments which keeps things stimulating. The mood is somewhat relaxed, but also thought-provoking.",,0,347596,39788,81/285381.mp3,690.8
802,285434,"Classical symphony, sounding like someone is doing something hastily",True,0,347596,39788,34/285434.mp3,335.8
58,285485,"A string ensemble starts of the track with legato melancholic playing. After two bars, a more instruments from the ensemble come in. Alti and violins seem to be playing melody while celli, alti and basses underpin the moving melody lines with harmonies and chords. The track feels ominous and melanchonic. Halfway through, alti switch to pizzicato, and then fade out to let the celli and basses come through with somber melodies, leaving the chords to the violins.",,1,347596,39788,85/285485.mp3,375.7
951,285674,A classical track performed on an electric piano.,True,2,347598,39797,74/285674.mp3,347.4
999,296235,Electronic music that feels like its in a futuristic world with a melancholy element from the violin until the drums kick in at the very end,True,0,348064,40689,35/296235.mp3,306.8
431,296235,Electro ambient track with no drum beat until the end of the song. The track is sustained by a gaunt synth arp and a string lead track that moves into the drum machine beat at the end.,,1,348064,40689,35/296235.mp3,306.8
469,296236,"Futuristic experimental song with piano over a drum and bass rhythm, with an accordion added towards the middle of the song.",True,1,348064,40689,36/296236.mp3,223.9
7,296237,"An instrumental track that starts out with dreamy string instruments, flutes and synths over an upbeat hip hop beat, while in the second half, a piano kicks in and gets more dominant and dynamic throughout, evoking melancholic feelings.",True,0,348064,40689,37/296237.mp3,250.6
512,296237,"An emotional instrumental piece consisting of electronic instruments of piano, drums and violin.",True,0,348064,40689,37/296237.mp3,250.6
883,296238,this song has a slightly melancholy and minor feeling with the piano at the beginning. it continues with a consistent bass and drum rhythm which is sort of uplifting. there is a rhythm change from 6/8 to 4/4.,,1,348064,40689,38/296238.mp3,289.1
752,296238,"this song starts with an emotional piano melody and then drops into a kind of DnB track with drum break samples and a thumping bass, keeping the piano and later on it has a drum break, whe a violin is added.",True,1,348064,40689,38/296238.mp3,289.1
967,296238,Starts with a melancholic piano with a breakbeat coming in around 30 seconds,True,0,348064,40689,38/296238.mp3,289.1
570,296241,Electronic instrumental track with windy samples and square flangered sounds. A strong drum beat keeps the main lead going through the song until the bass comes in. The song has the atmosphere of rainy cyberpunk scenarios.,,1,348064,40689,41/296241.mp3,261.4
648,304772,A fun track which combines rock and latin elements but could definitely use less instruments.,,1,348448,41508,72/304772.mp3,159.2
34,304775,"Bossa nova or samba duet with jazzy chords on a nylon guitar, and maracas",True,1,348448,41508,75/304775.mp3,230.8
791,305160,An upbeat song with a latin or salsa feel,True,1,348448,41508,60/305160.mp3,154.7
597,3112,"Genre seems like a space music and I feel confused and feels like I'm in the space, somewhere like black-hole",,0,286,485,12/3112.mp3,341.0
524,313059,Bright synth swooshes in the opening followed by a prominent acoustic guitar and a happy-go-lucky bass-line and beat creating a light and breezy feeling evoking a shopping mall or tourist cafe.,True,0,336640,42376,59/313059.mp3,320.0
102,313061,It sounds like someone is experimenting with their newest electronic instrument sets.,,0,336640,42376,61/313061.mp3,290.2
894,330650,This is an electro track with punchy drums and a synth that makes you want to dance.,True,0,349673,44185,50/330650.mp3,296.3
724,330655,This type of song fits in Hip hop and ideally suited to place it in vlog kind of content. Instrumentation is more.,,1,349673,44185,55/330655.mp3,210.8
784,330655,Electronic music that can be listened to in a passive setting,True,1,349673,44185,55/330655.mp3,210.8
1027,33322,An instrumental song that has a bass similar all the song. It's like a loop music.,,0,4658,4117,22/33322.mp3,257.6
1068,33323,Electronic instrumental that has a consistent beat and a melody that at times has a descending pattern which can be used for a soundtrack,True,0,4658,4117,23/33323.mp3,312.6
1048,33324,This midi electronic instrumental has a hopeful and optimistic vibe with melodies that mostly repeat for 4 bars,True,0,4658,4117,24/33324.mp3,315.8
509,33325,This song has a sweet melody made of electronic organs and is accompanied with a salient drumkit.,True,0,4658,4117,25/33325.mp3,289.5
1004,33326,A fuzzy and dampened electronic piece which progressively brightens throughout the track.,True,1,4658,4117,26/33326.mp3,315.6
823,337825,Eerie and anxious feel that picks up with various sample instruments in a loop,True,1,5104,44749,25/337825.mp3,419.9
54,33836,"the first few seconds give off a mystic feeling with the chimes and the intermittent bass. The synth starts strong then recedes into the background. Overall, the highly reverberated and delayed flutes, percussions and chimes give the track almost an ethnic vibe.  Halfway through, the track picks up with hi-hats and feels less mystical - more upbeat.",,0,4488,4157,36/33836.mp3,337.4
785,344323,"Relaxing music played mostly on the piano that can be used while studying, meditating or just relaxing",True,2,350222,45343,23/344323.mp3,180.2
450,344326,A mellow and gentle song that could also be used as a lullaby.,True,1,350222,45343,26/344326.mp3,147.3
123,348881,"Intriguing, slowly progressing electronic tune perfectly match for an indie platform game",True,1,6568,45788,81/348881.mp3,313.3
226,348881,Library music with bass and percussion instrument looping,True,1,6568,45788,81/348881.mp3,313.3
581,348881,"Electro-ambient track with a simple soft but sharp drum machine beat, the synth parts enter one after the other. The track has a dark but peaceful feeling, of a winter forest at noon in the North, with the light reflecting on the snow and making the trees glow of a blue pale light.",,2,6568,45788,81/348881.mp3,313.3
906,348881,Ambiental song that evokes calm with a progression of stereo electronic elements.,True,1,6568,45788,81/348881.mp3,313.3
143,352685,A peaceful piano piece for relaxing by the fireplace.,True,1,350716,46157,85/352685.mp3,65.5
322,352691,Piano solo song that transmits melancholic and nostalgic  feelings,True,0,350716,46157,91/352691.mp3,167.6
927,352694,Piano ternary piece with a repetitive and dynamic pattern that modulate overtime with some 3-for-2 parts,True,2,350716,46157,94/352694.mp3,94.0
377,35349,This weird track starts with a midi piano that sounds like a guitar or vice versa.,False,1,4927,4301,49/35349.mp3,184.3
719,35349,"beautiful song with dreaming melodies, gives you hope and beautiful feelings, with a retro taste, acid guitar to do a trip",,1,4927,4301,49/35349.mp3,184.3
897,35350,"This is a calm pop song with drums, synth and guitar.",True,1,4927,4301,50/35350.mp3,200.1
28,354778,"Fast beat, hip hop, upbeat that has a positive vibe.",True,0,339779,46325,78/354778.mp3,247.4
24,354778,a danceable electronic track in the genre of dance,True,0,339779,46325,78/354778.mp3,247.4
919,354913,Pleasant instrumental song. You will get hooked instantly.,,2,347954,46349,13/354913.mp3,226.0
943,356441,"Reggae beat but with a blues rock element that can be used for various environments such as relaxing, background music in a bar, driving etc.",True,1,340710,46485,41/356441.mp3,243.1
553,357192,A happy Latin song with a strong rhythmic and percussive component that invites you to dance and enjoy.,True,2,350883,46522,92/357192.mp3,197.9
571,357330,Cumbia bailable (Latin music) in a lament tone with lead accordion and brass section.,True,2,350883,46522,30/357330.mp3,195.2
871,357361,"A salsa song with the distinctive cowbells that are the metronome. I am not very pleased with the mix of the percussion and would definitely need more syncopation for the bass line and more focus on the second and fourth beat. Apart from that, it is a very happy tune  that I would find myself dancing through in a latin night. I can't help but smile when I listen to that genre",,1,350883,46522,61/357361.mp3,156.9
589,357361,"Latin American pop folk song with a chaotic mix of percussions, accordions and brass. It has a jolly feeling, humorous, like a song you would play at the village Sunday party.",,1,350883,46522,61/357361.mp3,156.9
707,357365,"A Latin American song with accordion and trumpets and a swaying, but heavy feel.",True,0,350883,46522,65/357365.mp3,218.8
876,359653,Classical instrumental piano that gives a range of emotions from soothing to tension,True,0,347016,46718,53/359653.mp3,146.1
950,359655,A joyful classical track performed on a grand piano.,True,2,347016,46718,55/359655.mp3,571.1
73,359656,"Classical piano piece in major key with a slow start, played beautifully without other instruments, making you close your eyes and find inner peace.",True,1,347016,46718,56/359656.mp3,474.5
79,359657,This gentle melody describes a dream where the subject gets to do things he/she always wanted  to do.,False,1,347016,46718,57/359657.mp3,271.3
795,359659,"Neoclassical Piano 
Solo in a room no accompaniment 
Dynamic night time love ballad",,0,347016,46718,59/359659.mp3,301.6
1077,359660,Deeply emotional classical piece of music for solo piano with a lively interlude,True,0,347016,46718,60/359660.mp3,125.6
701,359662,initially calm and slightly solemn solo piano with pronounced quick double attacks on some notes making it more lively later on,True,1,347016,46718,62/359662.mp3,467.8
43,359664,"This is a solo piano piece with a somewhat melancholic mood. It's slow, with blocks of minor chords driving the melody forward. It reminds me of a Beethoven sonata or something like that.",,2,347016,46718,64/359664.mp3,155.4
313,360978,"This is a chill folk song with a simple rythm and acoustic guitar, good for a slow morning of reading or working.",True,1,343767,46816,78/360978.mp3,192.9
546,363326,"It's a folk song with country vibe, major chord, and rock drum kit.",True,1,348998,47042,26/363326.mp3,323.1
1001,364090,an uplifting jazz song that makes your head shake,True,2,7063,47072,90/364090.mp3,152.7
757,366014,Heavy distorted lead guitar with sparsely supporting piano and distant sounding drums in the background,True,0,348291,47223,14/366014.mp3,205.3
1096,376240,Metal song that could be played in a motorway bar full of rough-looking bikers.,True,1,2320,47990,40/376240.mp3,283.7
269,376419,"A cheesy instrumental love song, with a mellow synth intro and an acoustic guitar riff followed by a lead synth playing chords and an acoustic guitar solo.",True,0,341459,48023,19/376419.mp3,234.7
1024,376422,Instrumental with mostly piano that has a melancholic feel which can be heard alone,True,1,341459,48023,22/376422.mp3,172.5
193,378306,An ambient track perfect for meditations and focus tasks.,True,1,336640,48163,06/378306.mp3,317.8
31,38019,"electronic music with glassy synthesizer and stereo effects, and various textured synth leads",True,2,3901,4669,19/38019.mp3,164.5
244,387501,The song starts with an acoustic guitar and then a electric guitar is added. It is an ambient rock song.,True,0,352042,48909,01/387501.mp3,218.0
387,387516,"The song has a very happy and relaxing vibe. It is an alternative rock instrumental song, that has guitar drums and bass and pad synth. The songs sounds emotional and motivating",,1,352042,48909,16/387516.mp3,190.7
765,38768,Music to accompany a documentary about the ins and outs of being a baboon.,,1,1780,4755,68/38768.mp3,70.6
941,389520,Instrumental mainly focused on clean electric guitar sound riffs and melody which might be fun to listen to on the background,True,2,352114,49104,20/389520.mp3,113.8
379,391307,Creepy electronic track gives a sensation of suspense and intrigue.,True,1,342618,49247,07/391307.mp3,228.1
662,397582,A luminous and moving instrumental piece for piano.,True,1,352409,49715,82/397582.mp3,167.1
368,402055,Instrumental piece with some baroque-era musical arrangements that could well be used in the opening credits of a period film.,True,1,2740,50033,55/402055.mp3,185.9
332,402056,"Elegant and fragile piece of orchestral instrumental music for a film soundtrack set in the Middle Ages or in an Asian country, with a melody played by a violin accompanied by plucked strings.",True,2,2740,50033,56/402056.mp3,109.2
330,402058,"An orchestral work with a solemn, leisurely character in the style of a film soundtrack.",True,2,2740,50033,58/402058.mp3,210.3
845,402063,"Grand, ambitious movie music with powerful, march-like drum beats, as well as brass melody.",True,2,2740,50033,63/402063.mp3,122.9
436,402063,This is a villainous military march with a strong rhythmic feel,True,0,2740,50033,63/402063.mp3,122.9
61,40279,A track with a funky bassline and distorted lead synths that feels very chaotic and busy.,True,0,5678,4956,79/40279.mp3,322.9
595,409692,Genre seems to be hippy music and I feel joy and reminds me of San Francisco hippy area,,0,352880,50691,92/409692.mp3,134.8
385,415590,"The song is instrumental, and is an hip hop beat. It has pads, drums, strings and a breakbeat kind of vibe. The synth that phasor on it makes the beat feel mysterious",,1,353120,51331,90/415590.mp3,120.2
573,415590,Ambient music with acoustic drums and chilling vibe.,True,1,353120,51331,90/415590.mp3,120.2
271,415590,"An instrumental trip hop track, with a slow electronic beat dominated by synth pads, delayed guitar and guitar effects.",True,1,353120,51331,90/415590.mp3,120.2
684,415590,An instrumental trip-hop song well suited for playing in the background while driving in a desert road.,True,1,353120,51331,90/415590.mp3,120.2
534,415597,An instrumental trip-hop beat accompanied with some reversed soundscapes great fit for chilling or sipping a cocktail.,,2,353120,51331,97/415597.mp3,166.7
917,415597,"The track intro reminds me to Radiohead, then when the groove starts it sounds like Primal Scream.",,1,353120,51331,97/415597.mp3,166.7
152,415597,90s hip hop with a moody synth which gives a very ominous but danceable vibe to it.,True,0,353120,51331,97/415597.mp3,166.7
898,415597,"This is a very dreamy and meditative track with an intro composed of long synth notes, later joined by a soft and repetitive drums beat.",True,1,353120,51331,97/415597.mp3,166.7
931,415600,"A meditative track with some reggae influences, composed by a very repetitive drums/guitar pattern and some dreamy notes made by asian instruments",True,0,353120,51331,00/415600.mp3,291.9
913,415600,This song has rhythmical beat and makes me feel  mysterious,True,1,353120,51331,00/415600.mp3,291.9
601,415600,Genre seems like a jazz music played with drums and reminds me of africa town where people all gather and have a traditional dance party,,0,353120,51331,00/415600.mp3,291.9
955,415600,A track that reminds of the golden era of latin rock.,True,2,353120,51331,00/415600.mp3,291.9
52,415600,It's sounds somewhat like a ska track with the rythm guitar in the background. Percussions are peculiar with what sounds like bongos. The bass and flanged guitar give the track a sort of atmospheric vibe.,,0,353120,51331,00/415600.mp3,291.9
150,415605,"sounds quite groovy,  dark atmosphere but no violent, just minimalist.",,1,353120,51331,05/415605.mp3,167.1
566,415605,Downtempo buddha bar track with a jazzy touch. The drum machine beat is accompanied by a sub bass pad and an ethereal saxophone leads while the cymbals keep the beat running.,,1,353120,51331,05/415605.mp3,167.1
386,416358,"This is an electronic song, it is also instrumental song. It starts with a drum loop with snare kick and hihat, after that it introduces synths pads and other electronic songs. The vibe of this song feels very old maybe around 2000s",,1,338916,51271,58/416358.mp3,338.8
294,418240,"This somewhat experimental electro track features handclaps, a layering of multiple synth loops and a repetitive pattern.",True,1,343236,51413,40/418240.mp3,216.0
853,425761,Combination of electronic music and melodic lyrics with a sad futuristic sci fi feel,True,0,348064,52039,61/425761.mp3,275.2
57,428529,"A jazzy piano is playing in the foreground. A bass is doing chromatic and moving lines behind, underpinning the piano playing. After a while of jazzy playing, the piano switches to what feels like a more bluesy chord progression. The bass then moves up into a higher register - higher on the neck. The track feels lighthearted and mellow.",,1,340663,52226,29/428529.mp3,141.6
567,428529,"A blues piano track that would be very well suited in a 90s sitcom. The piano occupies the whole track that has a prominent bass line as well, with a general jolly and happy feeling throughout the song.",,0,340663,52226,29/428529.mp3,141.6
637,437791,An  track that's reminiscent of early 2010's popular alternative rock scene.,True,1,353967,53026,91/437791.mp3,222.3
139,437791,The pop song is very emotional and evokes a serious and urgent mood,,1,353967,53026,91/437791.mp3,222.3
347,437794,"Peaceful sounding lo-fi I guess, it gives a feeling of security",True,1,353967,53026,94/437794.mp3,353.9
727,437795,Ambient folk-song leaning heavily on background string orchestra evoking a sense of calm and serenity,True,0,353967,53026,95/437795.mp3,278.2
415,43886,Agitated West Coast rock with brief bass solo and British influence,True,2,4777,5283,86/43886.mp3,129.5
854,457127,Mid tempo blues swing song that one might find in a casual bar setting for people to dance to,True,1,345952,54604,27/457127.mp3,232.3
878,46046,Fast tempo electronic music with a melody that repeats consistently,True,0,4658,5537,46/46046.mp3,135.3
380,461012,"This electronic track combines synths with guitar, builds up slowly and then bangs it with a electric guitar solo.",True,1,352042,54952,12/461012.mp3,281.5
564,461012,Intro with a spy movie vibe that gives way to an instrumental rock track with a melodic electric guitar solo.,True,1,352042,54952,12/461012.mp3,281.5
10,461012,"starts with guitar ostinato over a descending cyclic minor harmonic progression, inducing some melancholic tension, after which the B section consists of a lyrical heavy rock / metal guitar solo",True,1,352042,54952,12/461012.mp3,281.5
850,461012,fast paced and slow paced electric guitar solo that evokes confusion in a rock genre with drums in the later stage of the song,,1,352042,54952,12/461012.mp3,281.5
229,461014,"Game music, library music, strong beat in drums",,0,352042,54952,14/461014.mp3,753.7
960,461015,Instrumental with a positive vibe mostly on electric guitar that switches between distortion and clean tone,True,2,352042,54952,15/461015.mp3,192.6
651,461017,A harsh instrumental rock song which sounds a bit artificial and dull.,True,1,352042,54952,17/461017.mp3,263.0
612,461018,This song starts with a piano and guitar duet going through an emotional phase and then joined with a dramatic electric guitar.,True,1,352042,54952,18/461018.mp3,220.0
659,461544,"An energetic rock and roll song, accompanied by a nervous electric guitar.",True,0,341332,55328,44/461544.mp3,183.4
519,461560,This rockabilly song is energetic and fun to listen to.,,1,341332,55328,60/461560.mp3,217.2
790,464504,cliché western movie music with cheap instruments for when the title of movie appear on screen.,,1,355005,55227,04/464504.mp3,103.4
444,48719,"A self-contained instrumental with a reggae vibe, played mainly on electric guitars, giving way to an electric guitar solo in the middle of the track.",True,1,696,5905,19/48719.mp3,288.0
320,48721,This song is acoustic and soft. It can be used as background in some bar situations. During the whole song a guitar is present.,,1,696,5905,21/48721.mp3,171.0
733,48721,It  is a mellow intrumental track with a lead guitar being very present.,True,0,696,5905,21/48721.mp3,171.0
1065,48721,Instrumental with a jazz feel played with soft drums percussion and think bass guitar tone which can be used to relax while having a glass of wine at home,True,1,696,5905,21/48721.mp3,171.0
693,4880,This is a fast-paced jazzy track featuring piano and a shuffling snare drum beat.,True,1,696,751,80/4880.mp3,214.8
781,4883,Jungle or forest fauna sounds followed by floaty ethnic flute solo on top of some hopeful synthesizer harmonies.,True,2,696,751,83/4883.mp3,249.5
42,492277,A retro-futurist drum machine groove drenched in bubbly synthetic sound effects and a hint of an acid bassline.,True,2,336764,57703,77/492277.mp3,205.1
12,500964,"an energetic instrumental track with heavy use of synthesizers, the track would be used in a video game setting.",True,1,338916,58669,64/500964.mp3,156.5
872,500969,"A pop-electro song from 00s with a very good use of panning and a very promising melodic line that is accompanied by power-chords. The syncopation between the power-chords and octave double up and the typical, straightforward back-beat is very catchy. Also the piano and electronic keyboard combination seems very natural. I would definetely need to hear the continuation after the build-up to the 2 minutes mark and can imagine myself dancing to this tune in a night back in 2008",,1,338916,58669,69/500969.mp3,185.2
183,500969,"This is an electronic track with classic snare-roll build up, four-on-the-floor drums and syncopated synth melodies",True,1,338916,58669,69/500969.mp3,185.2
293,500970,"An upbeat, dancing electro track perfect for an epic commercial",True,1,338916,58669,70/500970.mp3,249.6
460,500970,Uplifting house beat with bright synths and a rubbery bass line.,True,2,338916,58669,70/500970.mp3,249.6
4,5084,"Jazzy song with organs, a warm guitar lead, repetitive bassline, triangle on percussion, and drumming, reminiscent of an underground jazz bar.",True,2,696,786,84/5084.mp3,205.7
600,508495,"Genre seems like a electric music and it reminds me of a club where people are dressed in 1980's fashion(neon, colorful outfit).",,0,348998,59593,95/508495.mp3,296.8
836,5089,"A soft, calming jazz piece with a leading guitar, that's suitable for cafe environment",True,1,696,786,89/5089.mp3,102.8
761,509068,A relaxing cinematic ambient soundtrack with synthesized strings playing delicately and harmoniously.,True,2,348998,59593,68/509068.mp3,153.7
35,510028,"Eurodance pop song with synth stabs and a heavy stereo echo, and arpeggios",True,1,338209,59700,28/510028.mp3,251.1
420,518603,"Synth-y, spacey art-pop track with a catchy beat",True,1,336640,60630,03/518603.mp3,448.1
842,533186,"New-era soundtrack starting with fast, minimalist beats, with strings added later. Suitable for heroic, sci-fi theme.",,2,350575,62223,86/533186.mp3,411.8
694,5339,This a dark artsy metal piece featuring plenty of sound effects.,True,1,245,830,39/5339.mp3,220.9
812,5339,It was a stormy night in 2049 Los Angeles.,,1,245,830,39/5339.mp3,220.9
38,5339,An instrumental song which employs a worldbeat element through its eerie percussion,True,0,245,830,39/5339.mp3,220.9
1018,5340,A song with a guitar playing the same pedal note throughout the track which creates a dramatic and tense feeling. Percussive impacts and a melodic minor piano motif add to the darkness of the piece.,,1,245,830,40/5340.mp3,231.7
744,5340,"Sad stressful, Generic Background Music with Piano Chords and soft percussion",,2,245,830,40/5340.mp3,231.7
893,5340,"This track is calm, quite and repetitive, evoking a dream.",True,1,245,830,40/5340.mp3,231.7
464,5340,This song has little progression I felt annoyed listening to it as I felt I was going no where.,False,0,245,830,40/5340.mp3,231.7
698,5343,Ambient electronic piece of music with organic sounds perfect for a science fiction video game.,True,2,245,830,43/5343.mp3,363.8
493,5344,"An instrumental music work of alternative rock with a suspenseful, detective and chill atmosphere.",True,2,245,830,44/5344.mp3,139.8
540,5345,A slow paced arty electronic track that features a strange tuned guitar.,True,0,245,830,45/5345.mp3,268.1
513,5346,A song with a slow ambient entry then leaves space for electronic drumkit.,True,0,245,830,46/5346.mp3,202.4
868,5347,"Very surprising, minimalistic octave structure without any harmonic context given for the first minute. It is a song that is based more on the rhythmic structure of the drums and the repetition of the simple melody for two times. It seems intriguing, mysterious and would be a great way to accompany a scene from a forensic movie or a detective series. It reminded me of the moment someone finally gets the dots connected and finds out a bitter truth.",,1,245,830,47/5347.mp3,239.9
714,537126,A ska song with all the usual suspects except for a slow and kind of melancholic intro.,True,1,358187,62611,26/537126.mp3,250.3
725,547723,A backgrond music bossa nova style. Useful for sunny scenes in movies. Or for a scene of a person just landed in an exotic country.,,0,340757,63771,23/547723.mp3,368.5
939,579646,Alternate acoustic rock using only acoustic guitar with constant down strumming that feels like there is something big about to happen,,1,7063,66860,46/579646.mp3,119.0
37,592180,"Serene, but slightly tense piano piece played at a moderate tempo",True,2,350716,68337,80/592180.mp3,200.3
793,592180,a melancholic piano solo piece without any dynamic,True,2,350716,68337,80/592180.mp3,200.3
1034,592180,The piano instrumental is like a story thats moves from being sad to hopeful and that one can appreciate listening to when alone or is part of a soundtrack in a movie,,1,350716,68337,80/592180.mp3,200.3
915,592180,This song is a piano piece and make me feel like going on adventure,,2,350716,68337,80/592180.mp3,200.3
1003,592188,A solo piano piece with a nostalgic and emotional melody. The left hand accompaniment is simple yet moving.,,2,350716,68337,88/592188.mp3,224.8
361,592190,Pop solo piano instrumental song. Simple harmony and emotional theme. Makes you feel nostalgic and wanting a cup of warm tea sitting on the couch while holding the person you love.,,1,350716,68337,90/592190.mp3,221.3
680,599226,A pleasant instrumental folk song with acoustic guitars and violins that conveys a sense of peace and happiness.,True,1,348998,69236,26/599226.mp3,166.2
245,599227,"It is a folk song, with violin a drum beat, guitar, and pipes . It is also an instrumental song",,0,348998,69236,27/599227.mp3,229.4
779,632094,Guttural nu-metal with a match-day pub visit hymn foundation.,False,1,361694,73181,94/632094.mp3,85.0
980,632094,Christmas carol with only instruments feels like in a Disney land fill with toys.,True,2,361694,73181,94/632094.mp3,85.0
1050,635960,"A pop ballad with a calm beat and atmosphere; the drums are played with brushes, and there are some guitar licks between phrases.",,1,343767,73619,60/635960.mp3,247.7
605,635960,Genre seems like a normal calm music has a tone some what similar to christmas songs,,0,343767,73619,60/635960.mp3,247.7
120,635960,Generic music that sounds like if it was without a soul... I don't like it :(,False,0,343767,73619,60/635960.mp3,247.7
945,642166,A track that reminds you to the madchester baggy era.,,2,362723,74358,66/642166.mp3,314.1
642,6495,A very energetic and bright funk rock song which features a noticeably solid guitar licks.,True,1,675,993,95/6495.mp3,269.5
467,654631,Ambient instrumental piece with a sense of birth from nothing.,True,0,361694,75832,31/654631.mp3,224.3
739,668793,"a jazz song that is composed by a trio, the guitar leads the melody and the melody is something joyful, enjoyable and because of that it evokes positive emotions, the mood of this song is calm.",True,2,363811,77582,93/668793.mp3,190.0
536,686755,There is an accordion playing on a waltz rhythm later accompanied with cajon on percussion.,True,1,364767,79952,55/686755.mp3,191.4
363,686756,"A thrilling instrumental track featuring a series of stringed instruments being gradually built into the song, culminating in eastern european vibe section.",True,0,364767,79952,56/686756.mp3,180.0
667,686757,Nervous gypsy instrumental song with jazzy acoustic guitars.,True,0,364767,79952,57/686757.mp3,159.7
397,686757,fast-paced upbeat mediterranean style acoustic guitar track you could dance to.,True,0,364767,79952,57/686757.mp3,159.7
788,700215,Instrumental music mostly on piano invoking a feeling of trouble that needs to be fixed quickly,,1,348064,81625,15/700215.mp3,299.1
602,700217,"Genre seems like a electric music played with violin and feels like I'm about to do some challenging things, and the mood is pretty dark",True,0,348064,81625,17/700217.mp3,277.1
424,700217,Unusual track with combines retro keyboard sounds with cinematic strings,True,0,348064,81625,17/700217.mp3,277.1
1023,700223,A track with a piano intro that evolves to video game soundtrack.,True,1,348064,81625,23/700223.mp3,291.9
815,7246,Camels dancing with yaks in the Gobi desert of Magnolia,,1,1058,1098,46/7246.mp3,466.0
911,7247,"Sounds like a vaporwave song with 80s-style synths, a steady, driving beat with hand percussion and nature sounds in the background.",True,0,1058,1098,47/7247.mp3,241.5
325,7247,Instrumental electronic piece  of music with an ambient and experimental vibe that radiates calmness and luminosity thanks to a combination of harmonious and evocative sounds.,True,1,1058,1098,47/7247.mp3,241.5
115,7247,"A moody, slow-building electronic track that gradually evolves from a dreamy, atmospheric opening into a driving, pulsing rhythm, staying purely instrumental throughout, except for the sound of some chirping birds towards the end.",True,0,1058,1098,47/7247.mp3,241.5
623,7247,This track composed of electronic instruments gives a sense of opening and clearness.,True,1,1058,1098,47/7247.mp3,241.5
106,7248,"This is a song that really motivates and uplifts the mood of the listener. It is energetic, vibrant and dreamy. The repetitive drum groove gives space and a solid base for the rest of instruments to grow. I would ideally listen to it during a gym session or before beginning a task.",,1,1058,1098,48/7248.mp3,301.0
718,7257,"emotional and beautiful instrumental music, with orchestra, music inspirational gives you hope",,1,1058,1098,57/7257.mp3,241.0
242,7259,This track features a prominent african style drum beat that later layers on with other atmospheric beats,True,0,1058,1098,59/7259.mp3,486.0
46,7259,"A tribal droning hand drum beat with sweeping engine sound effects, a high-hat and shakers come in on top , and then a synth.",True,0,1058,1098,59/7259.mp3,486.0
645,727904,A dark and slow electronic track makes one think of scary dungeons filled with slimy skulls.,True,1,2740,85078,04/727904.mp3,134.8
101,73152,A strange electronically processed rock song captures your attention even though it sounds like a cheap tune at first.,,0,7063,6464,52/73152.mp3,172.0
64,734510,"Futuristic synth track, making you feel like you're floating in space on board of a spaceship.",True,1,366921,85869,10/734510.mp3,344.4
631,7359,A warm and slow paced song that has an R&B base invites to get closer.,True,1,937,1110,59/7359.mp3,225.8
98,7360,Some bedroom recording of a guitar playing guy with dull lyrics.,True,1,937,1110,60/7360.mp3,232.6
336,741317,00s indie pop rock song with a 50s rythim vibe.,True,1,7063,86633,17/741317.mp3,185.7
461,741317,"I imagine someone in action, driving a soft top car but it’s a montage they’re sneaking around running into a shop and putting on sun glasses and a scarf.",False,0,7063,86633,17/741317.mp3,185.7
1062,741324,Rock and pop song that is upbeat and hopeful after going through something negative that can be listened to individually in a drive,True,1,7063,86633,24/741324.mp3,153.9
747,752758,Rising sweling violin instrumental that elicites calm floating ephemeral emotion.,True,0,343843,88066,58/752758.mp3,148.0
318,78128,"It's an electronic song, can be an AI generated song and it's without lyrics. Could be a soundtrack for videogame but it can also be used in some parties related to technologic sounds",,0,7051,7077,28/78128.mp3,213.4
1073,781951,driving and minimalistic techno beat perfect for a big venue,True,0,368880,91651,51/781951.mp3,434.7
100,785415,"A positive tune with a surprising mix of instruments: acoustic guitar, tabla and sitar",True,1,7805,92133,15/785415.mp3,220.3
831,785415,Hopeful instrumental with guitar being the lead and tabla used for percussion in the middle giving a feeling of going somewhere with positive outlook,True,1,7805,92133,15/785415.mp3,220.3
95,785423,A twisty nice melody song by a slide electric guitar on top of acoustic chords later accompanied with a ukelele.,True,1,7805,92133,23/785423.mp3,246.2
797,785423,Guitar heavy folk song evoking feelings of joy and comradery,True,0,7805,92133,23/785423.mp3,246.2
549,785423,Easygoing acoustic guitar duet with an on-the-road appeal,,0,7805,92133,23/785423.mp3,246.2
1106,785425,"Very country-blusy fantastic guitar riffs, smooth & calm. Perfect mix of multiple guitars",,0,7805,92133,25/785425.mp3,203.5
610,785426,"Instrumental song played by an ensemble of cheerful acoustic guitars, giving the feeling that all is well and nothing bad is going to happen.",True,2,7805,92133,26/785426.mp3,206.2
959,785434,An instrumental world fusion track with prominent reggae elements.,True,2,7805,92133,34/785434.mp3,191.1
650,785436,One can only think of good things in life while listening to this instrumental piece.,True,1,7805,92133,36/785436.mp3,214.5
103,793923,Feels like in a spaceship floating through vivid colors and mazes.,,0,348064,93151,23/793923.mp3,260.9
90,79524,A rock riff that rises in energy as it includes instruments like an electric guitar and a distorted bass. It seems perfect as background music for some kind of series.,,1,1659,7261,24/79524.mp3,244.8
663,832634,A rock song with a slow base well marked by drums and distorted guitars.,True,1,340710,97361,34/832634.mp3,240.8
1061,862390,Fast tempo instrumental song and beats that gives a sense of urgency made using midi electronic samples which can be used for a game soundtrack,True,0,6916,100990,90/862390.mp3,246.0
863,865116,Sad melodic instrumental using violin and piano and elements of xylophone as a percussion,True,1,369472,101357,16/865116.mp3,195.6
410,87893,Calm sitar and Indian tabla with dramatic synthetic strings background,True,2,1968,8447,93/87893.mp3,112.5
843,88214,"A neo-classical piece that's like ballroom dancing music, but with some interesting percussion added in. Theme and variation structure with varying instrumentation.",,2,1968,8447,14/88214.mp3,132.6
772,913288,A post-rock song for listening as a teenager.,True,1,7063,108108,88/913288.mp3,180.8
121,913321,Alternative pop rock that is appealing that is appealing to the 2010s audience.,True,0,7063,108108,21/913321.mp3,251.5
175,916175,A simple reverberant piano track with background discordant ambience.,True,2,2208,108457,75/916175.mp3,148.1
346,922941,"It's very upbeat and bouncy on its own style, sounds like the theme song for a happy protagonist of a 90s show, sounds very jazzy",True,1,362433,109336,41/922941.mp3,200.0
166,938052,This is an upbeat country style acoustic track featuring dobro guitar and harmonica.,True,1,7805,110144,52/938052.mp3,219.1
104,938054,A delightful chord progression on an acoustic guitar later accompanied by an ukelele and harmonica.,True,1,7805,110144,54/938054.mp3,229.5
381,938065,Classic video instruction background song with major chord and ukelele.,True,2,7805,110144,65/938065.mp3,309.4
441,945193,EDM pop song with an energetic an positve mood.,True,2,421686,111017,93/945193.mp3,266.9
1087,945194,Electro dance song to play in the pub to cheer up the crowd.,True,1,421686,111017,94/945194.mp3,180.0
414,945195,1990s techno with cliche minor key progression and tacky synthetic saxophone lead,True,2,421686,111017,95/945195.mp3,302.7
500,945196,"This is a lively electronic dance song that would fit into my club or gym/workout playlists, and I think it fits into the genre of trophouse (tropical house).",,2,421686,111017,96/945196.mp3,219.4
70,945196,An early-2010s house sounding track starts with chopped up adlibs and filtered drums before a thumpy kick comes in. House piano keys play stabby chords that remain quite acoustic-sounding. A very computer-sounding bass comes in for what seems to be a pre-chorus. Stabby saw leads play high notes over the bass and piano chords.,,2,421686,111017,96/945196.mp3,219.4
801,945196,"Dancefloor, edm influenced instrumental, driven by a piano house progression layered with trance saws",True,0,421686,111017,96/945196.mp3,219.4
456,945196,"This is a dance electronic track, with piano, synth, and steady and repetitive drum beats, inspired by Avicii and such. The song is happy with an upbeat mood",,2,421686,111017,96/945196.mp3,219.4
925,945197,This track will remind you to the techno trance peak era.,,1,421686,111017,97/945197.mp3,182.0
916,945199,"Lively, upbeat pop song that gives you energy.",True,0,421686,111017,99/945199.mp3,165.0
419,945206,Fast-paced heartsick synthwave techno with crisp melodies and repetitive drums,True,2,421686,111017,06/945206.mp3,240.0
895,945206,"This track makes you want to dance with punchy and repetitive drums, while a synth adds calm melody on top of it.",True,1,421686,111017,06/945206.mp3,240.0
1016,945206,"And EDM song with percussive synth chords, a repetitive high-pitched synth sound, a progressive build-up which leads to a second part with a sidechained synth and a simple melody by some kind of electronic honky tonk piano sound.",True,1,421686,111017,06/945206.mp3,240.0
746,94725,energetic rock song about love with guitar and piano,True,0,7063,9604,25/94725.mp3,249.8
614,95413,A funky rock song so high paced and dynamic that it makes one dizzy.,True,1,675,9705,13/95413.mp3,273.7
184,95581,This instrumental track is of the electronica genre with a dreamy feel.,True,0,336764,9831,81/95581.mp3,268.4
127,957462,A hopeful sounding instrumental piece consisting of rhythm and electric guitar.,True,1,7805,112591,62/957462.mp3,228.8
875,957463,Instrumental on acoustic and electric guitar with a pleasant feel that can be played in a cafe,True,1,7805,112591,63/957463.mp3,197.9
345,957463,"Sounds pretty nostalgic and peaceful, very pleasant to listen",,1,7805,112591,63/957463.mp3,197.9
181,957463,A soft jazz electric guitar led laid back jam.,True,1,7805,112591,63/957463.mp3,197.9
937,959153,Sad instrumental piano song that feels like is telling a story and that one can be put on in the background to listen while alone,True,1,366613,112771,53/959153.mp3,195.6
594,959155,Genre seems to be classical music and I feel cheerful and some what motivates me to do something enthusiastically,,1,366613,112771,55/959155.mp3,299.6
137,959181,A rather slow piano track creating a quiet and relaxed ambiance,True,1,366613,112771,81/959181.mp3,206.7
972,973498,Sounds like blues and the guitar style is so similar to blackstratblues,,2,369146,114614,98/973498.mp3,184.5
528,976784,upbeat electronic music with occasional melody woah which keeps looping over and over,False,0,421686,115108,84/976784.mp3,140.5
281,976785,"Techno-house track that lopes and has synthetic hi-hats, clicks, and synth pads; the beat drives, although the track is fairly repetitive, and it would be a good pairing for someone attending a dance party in Sweden.",,0,421686,115108,85/976785.mp3,159.7
